{
  "labels": [
    "1 cp/die",
    "250 mg/die",
    "80 mg/die",
    "none"
  ],
  "matrix": [
    [
      2,
      0,
      1,
      0
    ],
    [
      0,
      1,
      0,
      0
    ],
    [
      0,
      0,
      2,
      0
    ],
    [
      2,
      0,
      0,
      2
    ]
  ],
  "report": {
    "1 cp/die": {
      "precision": 0.5,
      "recall": 0.6666666666666666,
      "f1-score": 0.5714285714285714,
      "support": 3.0
    },
    "250 mg/die": {
      "precision": 1.0,
      "recall": 1.0,
      "f1-score": 1.0,
      "support": 1.0
    },
    "80 mg/die": {
      "precision": 0.6666666666666666,
      "recall": 1.0,
      "f1-score": 0.8,
      "support": 2.0
    },
    "none": {
      "precision": 1.0,
      "recall": 0.5,
      "f1-score": 0.6666666666666666,
      "support": 4.0
    },
    "accuracy": 0.7,
    "macro avg": {
      "precision": 0.7916666666666666,
      "recall": 0.7916666666666666,
      "f1-score": 0.7595238095238095,
      "support": 10.0
    },
    "weighted avg": {
      "precision": 0.7833333333333333,
      "recall": 0.7,
      "f1-score": 0.6980952380952381,
      "support": 10.0
    }
  }
}